https://netpeak.ua,Images,"""https://www.google.com/recaptcha/api.js?render=6Lcr2X0UAAAAAGth2KbTXvgHM6Av2bzJrrn5cdI5"""
https://netpeak.ua,Images,"""https://cdn.netpeak.net/js/new/html5shiv.min.js"""
https://netpeak.ua,Images,"""https://cdn.netpeak.net/js/new/respond.min.js"""
https://netpeak.ua,Images,"""https://cdn.netpeak.net/js/new/browser-detect.js"""
https://netpeak.ua,Images,"""https://www.googletagmanager.com/ns.html?id=GTM-NQNN7T"""
https://netpeak.ua,Images,"""https://cdn.netpeak.net/img/ru%202018%20main.png"""
https://netpeak.ua,Images,"""https://cdn.netpeak.net/img/Sape.png"""
https://netpeak.ua,Images,"""https://cdn.netpeak.net/img/рейтинг-ru.png"""
https://netpeak.ua,Images,"""https://cdn.netpeak.net/img/forbes.png"""
https://netpeak.ua,Images,"""https://cdn.netpeak.net/img/ru_2017_circle.png"""
https://netpeak.ua,Images,"""https://cdn.netpeak.net/img/ru%202014%20main.png"""
https://netpeak.ua,Images,"""https://images.netpeak.ua/clients/testimonials/video/57-ru.jpg"""
https://netpeak.ua,Images,"""https://images.netpeak.ua/clients/testimonials/video/53-ru.jpg"""
https://netpeak.ua,Images,"""https://images.netpeak.ua/clients/testimonials/video/47-ru.jpg"""
https://netpeak.ua,Images,"""https://images.netpeak.ua/clients/testimonials/video/44.jpg"""
https://netpeak.ua,Images,"""https://images.netpeak.ua/clients/testimonials/video/52-ru.jpg"""
https://netpeak.ua,Images,"""https://images.netpeak.ua/clients/testimonials/video/46.jpg"""
https://netpeak.ua,Images,"""https://images.netpeak.ua/clients/testimonials/video/51-ru.jpg"""
https://netpeak.ua,Images,"""https://images.netpeak.ua/clients/testimonials/video/31.jpg"""
https://netpeak.ua,Images,"""https://images.netpeak.ua/clients/testimonials/video/32.jpg"""
https://netpeak.ua,Images,"""https://images.netpeak.ua/clients/testimonials/video/34.jpg"""
https://netpeak.ua,Images,"""https://images.netpeak.ua/clients/testimonials/video/55-ru.jpg"""
https://netpeak.ua,Images,"""https://images.netpeak.ua/clients/testimonials/video/58-ru.jpg"""
https://netpeak.ua,Images,"""https://images.netpeak.ua/clients/testimonials/video/59-ru.jpg"""
https://netpeak.ua,Images,"""https://images.netpeak.ua/clients/testimonials/video/48-ru.jpg"""
https://netpeak.ua,Images,"""https://images.netpeak.ua/clients/testimonials/video/23.jpg"""
https://netpeak.ua,Images,"""https://images.netpeak.ua/clients/testimonials/video/30.jpg"""
https://netpeak.ua,Images,"""https://images.netpeak.ua/clients/testimonials/video/27.jpg"""
https://netpeak.ua,Images,"""https://images.netpeak.ua/clients/testimonials/video/21.jpg"""
https://netpeak.ua,Images,"""https://images.netpeak.ua/clients/testimonials/video/19.jpg"""
https://netpeak.ua,Images,"""https://images.netpeak.ua/clients/testimonials/video/20.jpg"""
https://netpeak.ua,Images,"""https://images.netpeak.ua/clients/testimonials/video/18.jpg"""
https://netpeak.ua,Images,"""https://images.netpeak.ua/clients/testimonials/video/1.jpg"""
https://netpeak.ua,Images,"""https://images.netpeak.ua/clients/testimonials/video/2.jpg"""
https://netpeak.ua,Images,"""https://images.netpeak.ua/clients/testimonials/video/3.jpg"""
https://netpeak.ua,Images,"""https://images.netpeak.ua/clients/testimonials/video/4.jpg"""
https://netpeak.ua,Images,"""https://images.netpeak.ua/clients/testimonials/video/5.jpg"""
https://netpeak.ua,Images,"""https://images.netpeak.ua/clients/testimonials/video/6.jpg"""
https://netpeak.ua,Images,"""https://images.netpeak.ua/clients/testimonials/video/7.jpg"""
https://netpeak.ua,Images,"""https://images.netpeak.ua/clients/testimonials/video/8.jpg"""
https://netpeak.ua,Images,"""https://images.netpeak.ua/clients/testimonials/video/9.jpg"""
https://netpeak.ua,Images,"""https://images.netpeak.ua/clients/testimonials/video/10.jpg"""
https://netpeak.ua,Images,"""https://images.netpeak.ua/clients/testimonials/video/11-ru.jpg"""
https://netpeak.ua,Images,"""https://images.netpeak.ua/clients/testimonials/video/12-ru.jpg"""
https://netpeak.ua,Images,"""https://images.netpeak.ua/clients/testimonials/video/14.jpg"""
https://netpeak.ua,Images,"""https://cdn.netpeak.net/js/block-video-reviews.js"""
https://netpeak.ua,Images,"""https://images.netpeak.ua/soft/serpstat-logo.png"""
https://netpeak.ua,Images,"""https://images.netpeak.ua/soft/ringostat-logo.png"""
https://netpeak.ua,Images,"""https://images.netpeak.ua/8p/saas.png"""
https://netpeak.ua,Images,"""https://cdn.netpeak.net/img/new-design/lectures.png"""
https://netpeak.ua,Images,"""https://cdn.netpeak.net/img/new-design/blog-netpeak.png"""
https://netpeak.ua,Images,"""https://apis.google.com/js/platform.js"""
https://netpeak.ua,Images,"""https://apis.google.com/js/platform.js"""
https://netpeak.ua,Images,"""https://cdn.netpeak.net/img/bing.png"""
https://netpeak.ua,Images,"""https://cdn.netpeak.net/img/yandex_direct.png"""
https://netpeak.ua,Images,"""https://cdn.netpeak.net/img/target.png"""
https://netpeak.ua,Images,"""https://images.netpeak.ua/logos/netpeak_white_ru.svg"""
https://netpeak.ua,Images,"""https://cdn.netpeak.net/img/new-design/mob-menu.png""/"
https://netpeak.ua,Images,"""//ajax.googleapis.com/ajax/libs/jquery/1.10.2/jquery.min.js"""
https://netpeak.ua,Images,"""https://cdn.netpeak.net/js/jquery-1.10.2.min.js"""
https://netpeak.ua,Images,"""//ajax.googleapis.com/ajax/libs/jquery/2.0.3/jquery.min.js"""
https://netpeak.ua,Images,"""https://cdn.netpeak.net/js/jquery-2.0.3.min.js"""
https://netpeak.ua,Images,"""https://cdn.netpeak.net/js/jquery.lazyload.min.js"""
https://netpeak.ua,Images,"""https://cdn.netpeak.net/js/bootstrap.min.js?303"""
https://netpeak.ua,Images,"""https://cdn.netpeak.net/js/jQuery-tagEditor-master/jquery.caret.min.js"""
https://netpeak.ua,Images,"""https://cdn.netpeak.net/js/jQuery-tagEditor-master/jquery.tag-editor.min.js"""
https://netpeak.ua,Images,"""https://cdn.netpeak.net/js/new/jquery.transit.min.js"""
https://netpeak.ua,Images,"""https://cdn.netpeak.net/js/new/jquery.carouFredSel-6.2.1-packed.js"""
https://netpeak.ua,Images,"""https://cdn.netpeak.net/js/colorbox/jquery.colorbox-min.js"""
https://netpeak.ua,Images,"""https://cdn.netpeak.net/js/blocks/filters.min.js?04062015"""
https://netpeak.ua,Images,"""https://cdn.netpeak.net/js/lib/modernizr.js"""
https://netpeak.ua,Images,"""https://cdn.netpeak.net/js/lib/vertical-fixed-navigation/main.js"""
https://netpeak.ua,Images,"""https://cdn.netpeak.net/js/jquery.viewport.js"""
https://netpeak.ua,Images,"""https://cdn.netpeak.net/js/jquery.bind-first-0.2.1.min.js"""
https://netpeak.ua,Images,"""https://cdn.netpeak.net/js/jquery.inputmask.min.js"""
https://netpeak.ua,Images,"""https://cdn.netpeak.net/js/jquery.inputmask-multi.min.js"""
https://netpeak.ua,Images,"""https://cdn.netpeak.net/js/lib/owl.carousel-2.min.js?20180525"""
https://netpeak.ua,Images,"""https://cdn.netpeak.net/js/new/jquery.tools.min.js"""
https://netpeak.ua,Images,"""https://cdn.netpeak.net/js/new/flatui-checkbox.js"""
https://netpeak.ua,Images,"""https://cdn.netpeak.net/js/lib/iziModal.min.js"""
https://netpeak.ua,Images,"""https://cdn.netpeak.net/js/new/jquery-cookie.js"""
https://netpeak.ua,Images,"""https://cdn.netpeak.net/js/new/jquery.activity.min.js?29082014"""
https://netpeak.ua,Images,"""https://cdn.netpeak.net/js/scripts.js?20180614"""
https://netpeak.ua,Images,"""https://cdn.netpeak.net/js/lib/netpeak-subscribers.js?06112017"""
https://netpeak.ua,Images,"""https://cdn.netpeak.net/js/blocks/cases-clients-owl.js?16032017"""
https://netpeak.ua,Images,"""https://cdn.netpeak.net/js/pages/order.js?18082018"""
https://netpeak.ua,Images,"""https://cdn.netpeak.net/js/pages/home.js?11012017"""
https://netpeak.ua,Images,"""https://images.netpeak.ua/school/close_w.png"""
https://netpeak.ua,Links,"""https://cdn.netpeak.net/css/pages/first_screen.css"""
https://netpeak.ua,Links,"""https://netpeak.ua/""/"
https://netpeak.ua,Links,"""https://netpeak.ua/favicon.ico?05092016"""
https://netpeak.ua,Links,"""https://cdn.netpeak.net/css/new/bootstrap-3.0.3.min.css"""
https://netpeak.ua,Links,"""https://cdn.netpeak.net/css/fontello.css?21112017"""
https://netpeak.ua,Links,"""https://cdn.netpeak.net/css/lib/flag-icon/css/flag-icon.min.css"""
https://netpeak.ua,Links,"""https://cdn.netpeak.net/css/lib/netpeak-subscribers.css?08092017"""
https://netpeak.ua,Links,"""https://cdn.netpeak.net/css/jQuery-tagEditor-master/jquery.tag-editor.css?29112017"""
https://netpeak.ua,Links,"""https://cdn.netpeak.net/css/colorbox/colorbox-netpeak.css?06092017"""
https://netpeak.ua,Links,"""https://cdn.netpeak.net/css/new/flat-ui.css?26112015"""
https://netpeak.ua,Links,"""https://cdn.netpeak.net/css/lib/owl.carousel-2.css"""
https://netpeak.ua,Links,"""https://cdn.netpeak.net/css/lib/iziModal.min.css"""
https://netpeak.ua,Links,"""https://cdn.netpeak.net/css/style.css?11092018"""
https://netpeak.ua,Links,"""https://cdn.netpeak.net/css/pages/home.css?17032017v2"""
https://netpeak.ua,Links,"""https://cdn.netpeak.net/css/pages/order.css?01122017"""
https://netpeak.ua,Links,"""https://cdn.netpeak.net/css/blocks/cases-clients-owl.css?16032017"""
https://netpeak.ua,Links,"""https://cdn.netpeak.net/css/cookies-using-script.css"""
https://netpeak.ua,Links,"""https://fonts.googleapis.com/css?family=Open+Sans:400,600,300&subset=latin,cyrillic"""
https://netpeak.ua,Links,"""https://netpeak.net/""/"
https://netpeak.ua,Links,"""https://netpeak.ua/ua/""/"
https://netpeak.ua,Links,"""https://netpeak.ru/""/"
https://netpeak.ua,Links,"""https://netpeak.kz/""/"
https://netpeak.ua,Links,"""https://netpeak.ua/""/"
https://netpeak.ua,Links,"""https://netpeak.bg/""/"
https://netpeak.ua,Links,"""https://netpeak.by/""/"
https://netpeak.ua,Links,"""https://netpeak.md/""/"
https://netpeak.ua,Links,"""https://netpeak.ro/""/"
https://netpeak.ua,Links,"""https://netpeak.gr/""/"
https://netpeak.ua,Links,"""https://netpeak.net/""/"
https://netpeak.ua,Links,"""/services/seo"""
https://netpeak.ua,Links,"""/services/ppc"""
https://netpeak.ua,Links,"""/about/certificates/"""
https://netpeak.ua,Links,"""/about/certificates/"""
https://netpeak.ua,Links,"""/about/certificates/"""
https://netpeak.ua,Links,"""/about/certificates/"""
https://netpeak.ua,Links,"""/about/certificates/"""
https://netpeak.ua,Links,"""/about/certificates/"""
https://netpeak.ua,Links,"""//netpeak.ua/business-types/"""
https://netpeak.ua,Links,"""//netpeak.ua/case-studies/"""
https://netpeak.ua,Links,"""//netpeak.ua/clients/testimonials/"""
https://netpeak.ua,Links,"""https://serpstat.com/"""
https://netpeak.ua,Links,"""https://ringostat.com/"""
https://netpeak.ua,Links,"""//netpeak.ua/software/"""
https://netpeak.ua,Links,"""https://8p.ua/"""
https://netpeak.ua,Links,"""https://www.saas-nation.com/"""
https://netpeak.ua,Links,"""//netpeak.net/ru/blog/"""
https://netpeak.ua,Links,"""//netpeak.ua/education/#speeches"""
https://netpeak.ua,Links,"""https://netpeak.net/ru/blog/"""
https://netpeak.ua,Links,"""https://netpeak.net/ru/blog/kto-vinovat-v-padenii-prodazh-u-biznesa-ekonomicheskiy-krizis-ili-ot-sut-stviye-vnyatnykh-biznes-protsessov/"""
https://netpeak.ua,Links,"""https://netpeak.net/ru/blog/kak-nastroit-retargeting-dlya-reklamy-v-instagram-i-facebook/"""
https://netpeak.ua,Links,"""https://netpeak.net/ru/blog/11-neochevidnykh-i-prakticheski-primenimykh-fishek-kruglogo-stola-saas-nation-2019/"""
https://netpeak.ua,Links,"""https://netpeak.net/ru/blog/kak-smenit-dve-biznes-modeli-za-tri-goda-istoriya-biznesa-naimi-kz/"""
https://netpeak.ua,Links,"""//netpeak.ua/team/"""
https://netpeak.ua,Links,"""https://netpeak.ua/about/certificates/"""
https://netpeak.ua,Links,"""https://www.google.com/partners/?hl=ru#a_profile;idtf=6877175886"""
https://netpeak.ua,Links,"""https://www.google.com/partners/?hl=ru#a_profile;idtf=6877175886"""
https://netpeak.ua,Links,"""http://advertise.bingads.microsoft.com/en-us/training-accreditation-find-a-pro-directory?CompanyID=19927"""
https://netpeak.ua,Links,"""https://yandex.kz/adv/contact/agency?services[]=direct"""
https://netpeak.ua,Links,"""https://images.netpeak.ua/certificates/myTarget-certificate.jpg"""
https://netpeak.ua,Links,"""//career.netpeak.ua/"""
https://netpeak.ua,Links,"""//school.netpeak.ua/"""
https://netpeak.ua,Links,"""//netpeak.ua/"""
https://netpeak.ua,Links,"""https://netpeak.ua/software/lifetime-value-calculator/"""
https://netpeak.ua,Links,"""https://netpeak.ua/order/"""
https://netpeak.ua,Links,"""https://netpeak.ua/services/"""
https://netpeak.ua,Links,"""https://netpeak.ua/clients/"""
https://netpeak.ua,Links,"""https://netpeak.ua/about/"""
https://netpeak.ua,Links,"""https://netpeak.ua/contacts/"""
https://netpeak.ua,Links,"""https://career.netpeak.ua/"""
https://netpeak.ua,Links,"""https://school.netpeak.ua/"""
https://netpeak.ua,Links,"""https://netpeak.net/ru/blog/"""
https://netpeak.ua,Links,"""https://www.facebook.com/netpeak"""
https://netpeak.ua,Links,"""https://instagram.com/netpeak"""
https://netpeak.ua,Links,"""https://telegram.me/netpeak"""
https://netpeak.ua,Links,"""https://www.youtube.com/user/MrNetpeak"""
https://netpeak.ua,Links,"""https://www.slideshare.net/Netpeak"""
https://netpeak.ua,Links,"""https://www.linkedin.com/company/netpeak"""
https://netpeak.ua,Links,"""https://netpeak.ua/sitemap/"""
https://netpeak.ua,Links,"""https://netpeak.net/privacy/"""
https://netpeak.ua,Links,"""https://netpeak.ua/promotion/dnepr/"""
https://netpeak.ua,Links,"""https://netpeak.ua/promotion/kharkiv/"""
https://netpeak.ua,Links,"""https://netpeak.ua/promotion/kyiv/"""
https://netpeak.ua,Links,"""https://netpeak.ua/promotion/lvov/"""
https://netpeak.ua,Links,"""https://netpeak.ua/promotion/odessa/"""
https://netpeak.ua,Links,"""https://netpeak.ua/promotion/zaporozhye/"""
